request_idx,with_other_issue,primary_issue,request_id,therapist_id,variant,raw_match_score,apply_fit,apply_msg_len,rationale
0,0,trauma_ptsd,exp-req-000-81323a,915967e3-ac56-4a36-8f02-effab988618f,A_empty,95,0,0,No apply message provided.
0,0,trauma_ptsd,exp-req-000-81323a,450d8b34-2ff1-46e1-af0d-44b39d5943f0,B_oneliner,95,0.5,27,"Message is extremely brief and generic, failing to address trauma/PTSD, anxiety, the patient's prior therapy experience, or preference for directness."
0,0,trauma_ptsd,exp-req-000-81323a,30a94252-3cd0-42d1-a960-86def311f9e8,C_generic_long,95,0.5,327,"Generic message that fails to mention trauma, PTSD, anxiety, the patient's preference for directness, or their prior therapy experience that didn't click."
0,0,trauma_ptsd,exp-req-000-81323a,07e66493-e3fc-4ab5-b871-e169e74e4c85,D_issue_specific,95,2.5,207,"Addresses trauma/PTSD by name and mentions collaborative approach, but does not acknowledge the patient's direct style preference or their prior unhelpful therapy experience in college."
0,0,trauma_ptsd,exp-req-000-81323a,fdfb1214-b096-47e0-a9c7-161f6bc62966,E_full_engagement,95,5.0,563,"Directly names trauma/PTSD, acknowledges warm+direct style preference, references college therapy experience that didn't click, and engages the free-text quote verbatim."
1,1,life_transitions,exp-req-001-19af1a,30a94252-3cd0-42d1-a960-86def311f9e8,A_empty,90,0,0,No apply message provided.
1,1,life_transitions,exp-req-001-19af1a,b5ceb107-0e6b-4dcb-9072-95e571301937,B_oneliner,88,0,27,"The message is completely generic and fails to acknowledge any aspect of the patient's presenting issue, their preference for directness, or the significant context about leaving their religious backg"
1,1,life_transitions,exp-req-001-19af1a,bcf52a27-d5ef-4a28-a35b-20439278c3ac,C_generic_long,88,0.5,327,"This is a completely generic response that could be sent to any patient and fails to acknowledge the life transition, direct style preference, or the significant religious departure and emotional comp"
1,1,life_transitions,exp-req-001-19af1a,b4733156-b012-4a9a-81a7-2203f06c6f16,D_issue_specific,88,1.5,212,Mentions life transitions by name but does not acknowledge the patient's direct style preference or engage with the meaningful free-text context about leaving a strict religious household.
1,1,life_transitions,exp-req-001-19af1a,6b516846-cd70-45b7-b0f5-0be6e6253468,E_full_engagement,88,3.5,462,"Addresses the primary concern (life transitions) and style preference (direct), and acknowledges first-time therapy status, but does not engage with the powerful free-text context about leaving the ch"
2,0,anxiety,exp-req-002-a9f0ab,915967e3-ac56-4a36-8f02-effab988618f,A_empty,95,0,0,No apply message provided.
2,0,anxiety,exp-req-002-a9f0ab,30a94252-3cd0-42d1-a960-86def311f9e8,B_oneliner,95,0.5,27,"Message is extremely generic with no mention of anxiety, direct communication style, or prior therapy experience that didn't help."
2,0,anxiety,exp-req-002-a9f0ab,accc4ff3-675f-4894-9cd3-1feaeffb268e,C_generic_long,95,1.0,327,"Generic introduction that does not specifically address anxiety, the direct style preference, or the fact that prior therapy did not help."
2,0,anxiety,exp-req-002-a9f0ab,c5aa86f5-b6f4-4777-b3b9-f0b29baca9b6,D_issue_specific,95,3.0,203,"Addresses the primary concern (anxiety) directly and acknowledges their preference for directness with a concise, straightforward message, but does not engage with their prior therapy experience that "
2,0,anxiety,exp-req-002-a9f0ab,b4733156-b012-4a9a-81a7-2203f06c6f16,E_full_engagement,95,5.0,462,"Addresses anxiety by name, directly acknowledges prior therapy that didn't help and offers to explore what was missing, and explicitly confirms a direct style preference."
3,1,life_transitions,exp-req-003-4051ff,54f8069d-9336-4d14-96b5-a692e3bf61f8,A_empty,95,0,0,No apply message provided.
3,1,life_transitions,exp-req-003-4051ff,30a94252-3cd0-42d1-a960-86def311f9e8,B_oneliner,95,0,27,"Generic two-word message that fails to engage the patient's presenting concern, style preferences, therapy history, or the urgent family crisis described in free text."
3,1,life_transitions,exp-req-003-4051ff,accc4ff3-675f-4894-9cd3-1feaeffb268e,C_generic_long,95,0.5,327,"Completely generic message that fails to acknowledge the patient's family crisis, their child coming out, marital strain, or any of the specific concerns they shared."
3,1,life_transitions,exp-req-003-4051ff,bcf52a27-d5ef-4a28-a35b-20439278c3ac,D_issue_specific,95,1.5,212,"Mentions life transitions by name but ignores the patient's urgent family crisis, style preferences, and prior therapy experience—reads as a template rather than a genuine response to her specific, vu"
3,1,life_transitions,exp-req-003-4051ff,c5aa86f5-b6f4-4777-b3b9-f0b29baca9b6,E_full_engagement,95,2.5,458,"Addresses the primary concern (life transitions) and style preference (warm, direct) and acknowledges prior therapy notes, but completely fails to engage the substantial free-text context about the pa"
4,0,relationship_issues,exp-req-004-577363,b5ceb107-0e6b-4dcb-9072-95e571301937,A_empty,95,0,0,No apply message provided.
4,0,relationship_issues,exp-req-004-577363,a0cb7637-81de-46ec-85d0-8234c4dd3c92,B_oneliner,95,0,27,"The message is completely generic and fails to acknowledge the patient's relationship issues, preference for structured and warm therapy, or their previous therapy experience."
4,0,relationship_issues,exp-req-004-577363,915967e3-ac56-4a36-8f02-effab988618f,C_generic_long,95,0.5,327,"Completely generic message that fails to mention relationship issues, the patient's style preferences, or their prior therapy experience that didn't work out."
4,0,relationship_issues,exp-req-004-577363,54f8069d-9336-4d14-96b5-a692e3bf61f8,D_issue_specific,95,2.5,215,"Mentions relationship issues by name and offers a warm collaborative tone, but does not address the prior therapy experience of not clicking or the preference for structure."
4,0,relationship_issues,exp-req-004-577363,30a94252-3cd0-42d1-a960-86def311f9e8,E_full_engagement,95,5.0,571,"Directly addresses relationship issues by name, acknowledges the prior therapy experience and offers to explore what was missing, speaks to both structured and warm style preferences, and explicitly q"
5,1,relationship_issues,exp-req-005-257213,30a94252-3cd0-42d1-a960-86def311f9e8,A_empty,95,0,0,No apply message provided.
5,1,relationship_issues,exp-req-005-257213,1dc7c2c2-f35c-4226-a8f7-996f3ef5c90b,B_oneliner,95,0,27,"The message is a generic two-word response that fails to acknowledge any of the patient's concerns, professional context, compassion fatigue, or therapy preferences."
5,1,relationship_issues,exp-req-005-257213,774a11fb-6558-433b-8df2-6ebf0c120279,C_generic_long,95,0.5,327,"Completely generic message that fails to acknowledge any of the patient's specific concerns (relationship issues, trauma, life transitions), their preference for structured/warm style, or the critical"
5,1,relationship_issues,exp-req-005-257213,d8739fb7-dd14-4820-9c2d-4b41477936ac,D_issue_specific,94,1.5,215,"Mentions relationship issues but ignores the patient's critical free-text context about compassion fatigue, prior therapy experience, and the trauma/life transitions concerns."
5,1,relationship_issues,exp-req-005-257213,d135e888-21b1-414b-90a5-2892b94c4ee8,E_full_engagement,94,2.5,364,"Addresses relationship issues and warm style preference, but completely ignores the patient's compassion fatigue context and occupational grief, which are central to their request."
6,0,anxiety,exp-req-006-808fb7,723ac8d5-b667-4442-994d-4f65647c0e92,A_empty,89,0,0,No apply message provided.
6,0,anxiety,exp-req-006-808fb7,ea7c8499-17c1-432e-855a-f26458dfd4c7,B_oneliner,84,0,27,"The message is completely generic and fails to acknowledge any aspect of the patient's concerns, preferences, or prior therapy experience."
6,0,anxiety,exp-req-006-808fb7,30a94252-3cd0-42d1-a960-86def311f9e8,C_generic_long,82,1.0,327,"The message is entirely generic and does not mention any of the patient's specific concerns (anxiety, trauma/PTSD, depression), their exploratory style preference, or their prior therapy experience."
6,0,anxiety,exp-req-006-808fb7,c1e44a53-b724-43e0-9a7c-628e33362aae,D_issue_specific,82,2.5,203,"Addresses anxiety by name and mentions collaborative approach (loosely fits exploratory preference), but completely ignores trauma/PTSD, depression, and the important context about prior therapy not c"
6,0,anxiety,exp-req-006-808fb7,d135e888-21b1-414b-90a5-2892b94c4ee8,E_full_engagement,79,5.0,550,"Addresses anxiety by name, acknowledges their style preference (exploratory) while transparently sharing her own approach, and directly engages the free-text note about the college therapist not click"
7,1,depression,exp-req-007-8fc8cf,30a94252-3cd0-42d1-a960-86def311f9e8,A_empty,95,0,0,No apply message provided.
7,1,depression,exp-req-007-8fc8cf,ea7c8499-17c1-432e-855a-f26458dfd4c7,B_oneliner,95,0,27,"Generic two-word message that completely ignores the patient's depression, trauma, cultural context, therapy history, and preference for structured approach."
7,1,depression,exp-req-007-8fc8cf,774a11fb-6558-433b-8df2-6ebf0c120279,C_generic_long,95,0.5,327,"Completely generic message that fails to mention depression, trauma, cultural identity, family dynamics, or any aspect of the patient's structured style preference or prior CBT experience."
7,1,depression,exp-req-007-8fc8cf,723ac8d5-b667-4442-994d-4f65647c0e92,D_issue_specific,95,1.5,206,"Mentions depression in passing but ignores trauma/PTSD, the prior CBT experience, style preference for structure, and the entire cultural/family context shared in free text."
7,1,depression,exp-req-007-8fc8cf,e0efc74f-45d2-4859-8f20-a6db128efe49,E_full_engagement,95,2.5,450,"Addresses depression and prior CBT experience with style framing, but ignores trauma/PTSD, the structured preference, and the entire cultural/family burden free-text context."
8,0,relationship_issues,exp-req-008-a16841,edcb82ab-1596-4040-80ec-6d80e2bd01b7,A_empty,93,0,0,No apply message provided.
8,0,relationship_issues,exp-req-008-a16841,b4733156-b012-4a9a-81a7-2203f06c6f16,B_oneliner,92,0,27,"The message is a generic two-word response that does not mention relationship issues, exploratory style preference, or engage with any aspect of the patient's brief."
8,0,relationship_issues,exp-req-008-a16841,d135e888-21b1-414b-90a5-2892b94c4ee8,C_generic_long,92,1.0,327,"Generic introduction that does not specifically address relationship issues, exploratory style preference, or engage meaningfully with the patient's stated concerns."
8,0,relationship_issues,exp-req-008-a16841,3f84d00c-aea0-4051-9fce-41cc90be5972,D_issue_specific,92,3.5,215,"Directly addresses relationship issues as primary concern and mentions collaborative approach which somewhat aligns with exploratory preference, but does not engage with prior therapy experience or an"
8,0,relationship_issues,exp-req-008-a16841,774a11fb-6558-433b-8df2-6ebf0c120279,E_full_engagement,92,3.5,364,"Addresses the primary concern (relationship issues) by name and acknowledges the style preference (exploratory) but notes their approach differs, though does not engage free-text context or prior ther"
9,1,life_transitions,exp-req-009-9a1875,b5ceb107-0e6b-4dcb-9072-95e571301937,A_empty,70,0,0,No apply message provided.
9,1,life_transitions,exp-req-009-9a1875,30a94252-3cd0-42d1-a960-86def311f9e8,B_oneliner,70,0,27,"The message is completely generic and fails to address any of the patient's presenting issues, sobriety milestone, prior therapy experience, or preference for not starting over with basics."
9,1,life_transitions,exp-req-009-9a1875,b4733156-b012-4a9a-81a7-2203f06c6f16,C_generic_long,70,1.0,327,"Generic introduction that doesn't acknowledge the patient's sobriety, concern about starting over, life transitions, relationship issues, or warmth preference."
9,1,life_transitions,exp-req-009-9a1875,6b516846-cd70-45b7-b0f5-0be6e6253468,D_issue_specific,70,1.5,212,"Mentions life transitions by name but ignores the relationship issues, completely overlooks the sobriety context and crucial concern about not wanting to start over with basics after previous therapis"
9,1,life_transitions,exp-req-009-9a1875,d135e888-21b1-414b-90a5-2892b94c4ee8,E_full_engagement,70,3.5,361,"Addresses life transitions by name and warmth preference, but does not acknowledge their sobriety, prior therapist leaving, or desire to avoid starting over with basics."
10,0,anxiety,exp-req-010-48ede4,b5ceb107-0e6b-4dcb-9072-95e571301937,A_empty,95,0,0,No apply message provided.
10,0,anxiety,exp-req-010-48ede4,a0cb7637-81de-46ec-85d0-8234c4dd3c92,B_oneliner,95,0,27,"The message is completely generic and fails to address any of the patient's concerns, therapy history, or style preferences."
10,0,anxiety,exp-req-010-48ede4,915967e3-ac56-4a36-8f02-effab988618f,C_generic_long,95,0.5,327,"Generic template message that fails to mention anxiety, trauma, depression, or acknowledge the patient's prior CBT experience and preference for exploratory yet structured work."
10,0,anxiety,exp-req-010-48ede4,30a94252-3cd0-42d1-a960-86def311f9e8,D_issue_specific,95,2.0,203,"Mentions anxiety in passing and states availability, but does not address trauma/PTSD or depression, ignores the patient's negative CBT experience or their exploratory/structured preference, and fails"
10,0,anxiety,exp-req-010-48ede4,0390dbb1-87fb-4dcb-a529-53e47527063a,E_full_engagement,95,5.0,557,"Directly names anxiety, acknowledges the prior CBT experience that felt too clinical, addresses style preference (warm + direct vs. purely exploratory), and offers concrete next steps."
11,1,life_transitions,exp-req-011-d1d0bc,b5ceb107-0e6b-4dcb-9072-95e571301937,A_empty,95,0,0,No apply message provided.
11,1,life_transitions,exp-req-011-d1d0bc,450d8b34-2ff1-46e1-af0d-44b39d5943f0,B_oneliner,95,0,27,"Generic two-word message that doesn't acknowledge any of the patient's concerns, sobriety milestone, prior therapy experience, or request to avoid starting over with basics."
11,1,life_transitions,exp-req-011-d1d0bc,30a94252-3cd0-42d1-a960-86def311f9e8,C_generic_long,95,1.0,327,"Generic introduction that doesn't address the patient's sobriety, prior therapist leaving, concern about starting over, life transitions, trauma/PTSD, or their preference for warmth."
11,1,life_transitions,exp-req-011-d1d0bc,c5aa86f5-b6f4-4777-b3b9-f0b29baca9b6,D_issue_specific,95,1.5,212,"Mentions life transitions by name but ignores trauma/PTSD, the 'warm' preference, and most critically fails to acknowledge the patient's concern about not wanting to start over with the basics after 8"
11,1,life_transitions,exp-req-011-d1d0bc,d8739fb7-dd14-4820-9c2d-4b41477936ac,E_full_engagement,95,1.5,462,The therapist addresses the primary concerns and style preference but contradicts the patient's free-text note by saying 'this is your first time working with someone' when the patient explicitly ment
12,0,relationship_issues,exp-req-012-9581c9,30a94252-3cd0-42d1-a960-86def311f9e8,A_empty,91,0,0,No apply message provided.
12,0,relationship_issues,exp-req-012-9581c9,b4733156-b012-4a9a-81a7-2203f06c6f16,B_oneliner,89,0,27,"The message is a generic two-word response that does not address the patient's presenting issues, therapy preferences, or prior therapy experience in any way."
12,0,relationship_issues,exp-req-012-9581c9,563b2636-8018-444f-b347-8aae7f1442b9,C_generic_long,89,0.5,327,"This is a completely generic message that doesn't mention relationship issues, life transitions, warmth preference, or the patient's couples therapy experience—it could have been sent to any patient."
12,0,relationship_issues,exp-req-012-9581c9,5ae6074c-6319-4f31-849e-cfd81756fb2e,D_issue_specific,89,2.5,215,"Addresses primary concern (relationship issues) clearly but ignores life transitions, style preference for warmth, and the important context about having done couples work but never solo therapy."
12,0,relationship_issues,exp-req-012-9581c9,d8739fb7-dd14-4820-9c2d-4b41477936ac,E_full_engagement,88,5.0,454,"Names both presenting issues (relationship issues), directly addresses style preference (warm + direct), and explicitly engages the specific free-text note about couples vs. solo therapy experience."
13,1,relationship_issues,exp-req-013-38c9d6,30a94252-3cd0-42d1-a960-86def311f9e8,A_empty,72,0,0,No apply message provided.
13,1,relationship_issues,exp-req-013-38c9d6,b4733156-b012-4a9a-81a7-2203f06c6f16,B_oneliner,72,0,27,"The message is a generic two-sentence response that does not acknowledge any of the patient's presenting concerns, therapy preferences, prior experience, or the specific context about needing parent s"
13,1,relationship_issues,exp-req-013-38c9d6,d135e888-21b1-414b-90a5-2892b94c4ee8,C_generic_long,72,0.5,327,"Completely generic message that fails to mention the teenager/school refusal issue, relationship issues, depression, the parent-support need, or the patient's therapy history."
13,1,relationship_issues,exp-req-013-38c9d6,3f84d00c-aea0-4051-9fce-41cc90be5972,D_issue_specific,72,1.5,215,"Mentions relationship issues but ignores the crucial free-text context about the teenager/parenting support, doesn't address depression, prior therapy experience, or style preferences."
13,1,relationship_issues,exp-req-013-38c9d6,915967e3-ac56-4a36-8f02-effab988618f,E_full_engagement,70,2.5,555,"Addresses primary concerns (relationship issues) and prior therapy experience, but completely ignores the most important free-text context about the teenager and needing parent support."
14,0,life_transitions,exp-req-014-27d0db,b5ceb107-0e6b-4dcb-9072-95e571301937,A_empty,95,0,0,No apply message provided.
14,0,life_transitions,exp-req-014-27d0db,54f8069d-9336-4d14-96b5-a692e3bf61f8,B_oneliner,95,0,27,"The message is a generic two-word statement that does not acknowledge the patient's life transitions concern, therapy preferences, or prior couples therapy experience."
14,0,life_transitions,exp-req-014-27d0db,30a94252-3cd0-42d1-a960-86def311f9e8,C_generic_long,95,0.5,327,"Generic introduction that does not address life transitions, prior therapy experience, or style preferences at all."
14,0,life_transitions,exp-req-014-27d0db,accc4ff3-675f-4894-9cd3-1feaeffb268e,D_issue_specific,95,2.5,212,"Names the primary concern (life transitions) and mentions a style element (collaborative), but does not address the patient's prior couples therapy experience or lack of solo therapy, nor the warm/str"
14,0,life_transitions,exp-req-014-27d0db,bcf52a27-d5ef-4a28-a35b-20439278c3ac,E_full_engagement,95,5.0,561,"Directly addresses life transitions by name, acknowledges prior therapy not helping and asks about it, engages the specific free-text about couples vs. solo work, and speaks to warm/structured style p"
15,1,anxiety,exp-req-015-2038ab,a0cb7637-81de-46ec-85d0-8234c4dd3c92,A_empty,95,0,0,No apply message provided.
15,1,anxiety,exp-req-015-2038ab,0390dbb1-87fb-4dcb-a529-53e47527063a,B_oneliner,95,0,27,"The message is a generic two-sentence response that does not engage with the patient's anxiety, their teenager's school refusal, their preference for structured therapy, or their prior unhelpful thera"
15,1,anxiety,exp-req-015-2038ab,b4733156-b012-4a9a-81a7-2203f06c6f16,C_generic_long,95,0.5,327,"This is a completely generic template that ignores the parent's anxiety about their teenager's school refusal, the request for structured support, and the clarification that the teenager is the intend"
15,1,anxiety,exp-req-015-2038ab,07e66493-e3fc-4ab5-b871-e169e74e4c85,D_issue_specific,95,1.5,203,"Mentions anxiety briefly but completely ignores the critical context that the patient is seeking help for their teenager's school refusal and needs parent support, not treatment for their own anxiety."
15,1,anxiety,exp-req-015-2038ab,c2f03810-4af5-45e1-bf89-758c3a658c70,E_full_engagement,95,1.5,462,"The therapist addresses anxiety and prior therapy not helping, but completely misses that the patient is seeking support for their role as a parent of a struggling teenager, not as the primary client."
16,0,trauma_ptsd,exp-req-016-99472e,3b31cb73-4e20-494e-b60f-14d75771a6a2,A_empty,95,0,0,No apply message provided.
16,0,trauma_ptsd,exp-req-016-99472e,fdfb1214-b096-47e0-a9c7-161f6bc62966,B_oneliner,94,0,27,"The message is entirely generic and fails to engage with any aspect of the patient's brief including their trauma/PTSD, life transitions, direct style preference, or prior therapy experience."
16,0,trauma_ptsd,exp-req-016-99472e,d8739fb7-dd14-4820-9c2d-4b41477936ac,C_generic_long,92,0.5,327,"Completely generic message that doesn't mention trauma, PTSD, life transitions, the prior therapy experience, or the preference for directness."
16,0,trauma_ptsd,exp-req-016-99472e,450d8b34-2ff1-46e1-af0d-44b39d5943f0,D_issue_specific,91,2.5,207,"Names the primary concern (trauma/PTSD) and mentions approach style, but doesn't address prior therapy experience, the preference for directness specifically, or the life transitions concern."
16,0,trauma_ptsd,exp-req-016-99472e,30a94252-3cd0-42d1-a960-86def311f9e8,E_full_engagement,91,5.0,563,"Addresses trauma/PTSD by name, directly acknowledges style preference (warm + direct), engages prior therapy experience by asking what was missing, and quotes the patient's free-text verbatim."
17,1,trauma_ptsd,exp-req-017-1d7e64,b5ceb107-0e6b-4dcb-9072-95e571301937,A_empty,95,0,0,No apply message provided.
17,1,trauma_ptsd,exp-req-017-1d7e64,a0cb7637-81de-46ec-85d0-8234c4dd3c92,B_oneliner,95,0,27,"The message is a generic two-word response that completely fails to address any of the patient's presenting concerns, therapy preferences, prior experience, or critical context about compassion fatigu"
17,1,trauma_ptsd,exp-req-017-1d7e64,915967e3-ac56-4a36-8f02-effab988618f,C_generic_long,95,0.5,327,"Completely generic message that fails to mention trauma, PTSD, relationship issues, depression, structured approach, prior therapy experience, or the critical detail about compassion fatigue as a hosp"
17,1,trauma_ptsd,exp-req-017-1d7e64,30a94252-3cd0-42d1-a960-86def311f9e8,D_issue_specific,95,1.5,207,"Mentions trauma but ignores the patient's explicit request about occupational compassion fatigue, prior therapy experience, and preference for structured approach."
17,1,trauma_ptsd,exp-req-017-1d7e64,0390dbb1-87fb-4dcb-a529-53e47527063a,E_full_engagement,95,2.5,453,"Addresses trauma/PTSD and prior therapy experience, but completely ignores the patient's central concern about occupational compassion fatigue and cumulative grief as a hospice nurse."
18,0,anxiety,exp-req-018-ff9052,b5ceb107-0e6b-4dcb-9072-95e571301937,A_empty,95,0,0,No apply message provided.
18,0,anxiety,exp-req-018-ff9052,bf0c89f2-32b2-4ae8-b06d-b18ace4051d5,B_oneliner,95,0,27,"The message is entirely generic and fails to acknowledge any aspect of the patient's presenting concerns, therapy preferences, or prior experience."
18,0,anxiety,exp-req-018-ff9052,d135e888-21b1-414b-90a5-2892b94c4ee8,C_generic_long,95,1.0,327,"Generic introduction that does not specifically address anxiety, the structured style preference, or the prior therapy experience that didn't work."
18,0,anxiety,exp-req-018-ff9052,3f84d00c-aea0-4051-9fce-41cc90be5972,D_issue_specific,95,2.5,203,"Mentions anxiety by name and offers a collaborative style, but does not address the patient's prior therapy experience of not clicking with someone or acknowledge their preference for structured thera"
18,0,anxiety,exp-req-018-ff9052,774a11fb-6558-433b-8df2-6ebf0c120279,E_full_engagement,95,5.0,559,"Addresses anxiety by name, directly engages the structured preference through 'warm + direct rather than purely exploratory,' acknowledges prior therapy not clicking, and quotes the patient's free-tex"
19,1,anxiety,exp-req-019-26de55,b5ceb107-0e6b-4dcb-9072-95e571301937,A_empty,95,0,0,No apply message provided.
19,1,anxiety,exp-req-019-26de55,a0cb7637-81de-46ec-85d0-8234c4dd3c92,B_oneliner,95,0,27,"The message is a generic two-word response that doesn't engage any aspect of the patient's brief, concerns, preferences, history, or critical need for ED-specific expertise."
19,1,anxiety,exp-req-019-26de55,915967e3-ac56-4a36-8f02-effab988618f,C_generic_long,95,0.5,327,"Completely generic message that fails to acknowledge the patient's eating disorder history, remission concerns, need for ED-specialist, exploratory style preference, or any of the presenting issues by"
19,1,anxiety,exp-req-019-26de55,30a94252-3cd0-42d1-a960-86def311f9e8,D_issue_specific,95,1.5,203,"Mentions anxiety generically but completely ignores the patient's critical need for ED-aware support, exploratory style preference, and prior therapy experience."
19,1,anxiety,exp-req-019-26de55,accc4ff3-675f-4894-9cd3-1feaeffb268e,E_full_engagement,95,1.5,550,"The therapist acknowledges the college experience and offers a warm intro, but completely ignores the patient's primary concern about eating disorder awareness and the Ozempic-related relapse, which w"
20,0,depression,exp-req-020-37a1b0,723ac8d5-b667-4442-994d-4f65647c0e92,A_empty,89,0,0,No apply message provided.
20,0,depression,exp-req-020-37a1b0,774a11fb-6558-433b-8df2-6ebf0c120279,B_oneliner,87,0,27,"The message is extremely generic, does not mention any of the patient's presenting concerns (depression, relationship issues, trauma/PTSD), and fails to address their preference for direct and structu"
20,0,depression,exp-req-020-37a1b0,e0efc74f-45d2-4859-8f20-a6db128efe49,C_generic_long,87,1.0,327,"Generic introduction that does not address any of the patient's specific presenting issues (depression, relationship issues, trauma/PTSD) or their preference for direct, structured therapy."
20,0,depression,exp-req-020-37a1b0,9feb2fbe-6270-45af-ab07-60fa828314cb,D_issue_specific,87,2.5,206,"Addresses depression by name and mentions approach style, but does not engage relationship issues, trauma/PTSD, or the patient's preference for direct and structured therapy."
20,0,depression,exp-req-020-37a1b0,a0cb7637-81de-46ec-85d0-8234c4dd3c92,E_full_engagement,86,3.5,355,"Addresses depression by name and speaks directly to the direct style preference, but does not engage relationship issues, trauma/PTSD, or prior therapy experience."
21,1,trauma_ptsd,exp-req-021-f91e27,a0cb7637-81de-46ec-85d0-8234c4dd3c92,A_empty,95,0,0,No apply message provided.
21,1,trauma_ptsd,exp-req-021-f91e27,915967e3-ac56-4a36-8f02-effab988618f,B_oneliner,95,0,27,"Generic two-word message that fails to acknowledge any aspect of the patient's concerns, relationship structure, style preferences, or therapy history."
21,1,trauma_ptsd,exp-req-021-f91e27,450d8b34-2ff1-46e1-af0d-44b39d5943f0,C_generic_long,95,0.5,327,"Completely generic message that fails to mention trauma/PTSD, style preferences, prior therapy experience, or the patient's clear need for a therapist comfortable with polyamory."
21,1,trauma_ptsd,exp-req-021-f91e27,30a94252-3cd0-42d1-a960-86def311f9e8,D_issue_specific,95,1.5,207,"Mentions trauma/PTSD by name but does not address the polyamory context, style preference details, or prior therapy experience; reads as a template."
21,1,trauma_ptsd,exp-req-021-f91e27,0390dbb1-87fb-4dcb-a529-53e47527063a,E_full_engagement,95,2.5,453,"Addresses trauma/PTSD and style preference, acknowledges prior therapy, but completely ignores the free-text concern about polyamory and needing a non-judgmental therapist."
22,0,depression,exp-req-022-3b3d7c,b4733156-b012-4a9a-81a7-2203f06c6f16,A_empty,74,0,0,No apply message provided.
22,0,depression,exp-req-022-3b3d7c,d135e888-21b1-414b-90a5-2892b94c4ee8,B_oneliner,74,0,27,"The message is a generic two-word request that does not engage with the patient's depression, structured preference, or couples-versus-solo therapy history."
22,0,depression,exp-req-022-3b3d7c,915967e3-ac56-4a36-8f02-effab988618f,C_generic_long,72,1.0,327,"Generic introduction that does not specifically address depression, structured therapy preference, or the distinction between couples and solo therapy experience."
22,0,depression,exp-req-022-3b3d7c,c5aa86f5-b6f4-4777-b3b9-f0b29baca9b6,D_issue_specific,72,2.5,206,"Mentions depression by name and offers collaborative approach, but does not acknowledge the patient's preference for structured therapy or their note about couples vs. solo therapy experience."
22,0,depression,exp-req-022-3b3d7c,ea7c8499-17c1-432e-855a-f26458dfd4c7,E_full_engagement,72,5.0,546,"Names depression directly, acknowledges structured preference with 'warm + direct,' and quotes the patient's exact free-text note about couples work versus solo therapy."
23,1,anxiety,exp-req-023-fa461e,30a94252-3cd0-42d1-a960-86def311f9e8,A_empty,95,0,0,No apply message provided.
23,1,anxiety,exp-req-023-fa461e,accc4ff3-675f-4894-9cd3-1feaeffb268e,B_oneliner,95,0,27,"The message is completely generic and fails to acknowledge any aspect of the patient's presenting issues, preferences, or deeply personal family estrangement situation."
23,1,anxiety,exp-req-023-fa461e,c5aa86f5-b6f4-4777-b3b9-f0b29baca9b6,C_generic_long,95,0.5,327,"Completely generic message that fails to mention anxiety, life transitions, the parenting dilemma, or any preference for direct/warm communication style."
23,1,anxiety,exp-req-023-fa461e,b4733156-b012-4a9a-81a7-2203f06c6f16,D_issue_specific,95,1.5,203,"Mentions anxiety generically but ignores life transitions, style preferences, and completely overlooks the complex family estrangement dilemma the patient explicitly shared."
23,1,anxiety,exp-req-023-fa461e,07e66493-e3fc-4ab5-b871-e169e74e4c85,E_full_engagement,95,3.5,352,"Addresses both primary concerns (anxiety, life transitions implied) and clearly speaks to style preference (warm + direct), but does not engage the complex free-text scenario about estranged parents a"
24,0,trauma_ptsd,exp-req-024-b760ce,a0cb7637-81de-46ec-85d0-8234c4dd3c92,A_empty,95,0,0,No apply message provided.
24,0,trauma_ptsd,exp-req-024-b760ce,0390dbb1-87fb-4dcb-a529-53e47527063a,B_oneliner,95,0,27,"The message is completely generic and fails to acknowledge any of the patient's presenting issues, style preferences, or prior therapy experience."
24,0,trauma_ptsd,exp-req-024-b760ce,b4733156-b012-4a9a-81a7-2203f06c6f16,C_generic_long,95,0.5,327,"Completely generic message that does not mention trauma, PTSD, depression, anxiety, or the patient's preference for warm and direct communication style."
24,0,trauma_ptsd,exp-req-024-b760ce,07e66493-e3fc-4ab5-b871-e169e74e4c85,D_issue_specific,95,3.5,207,"Addresses primary concern (trauma/PTSD) with specificity and engages style preference (collaborative aligns with warm), but doesn't acknowledge prior therapy experience or engage with depression/anxie"
24,0,trauma_ptsd,exp-req-024-b760ce,c2f03810-4af5-45e1-bf89-758c3a658c70,E_full_engagement,95,4.0,356,"Directly addresses trauma/PTSD and style preference (warm + direct), but doesn't acknowledge their prior positive therapy experience or engage with depression/anxiety specifically."
25,1,anxiety,exp-req-025-37dabc,915967e3-ac56-4a36-8f02-effab988618f,A_empty,95,0,0,No apply message provided.
25,1,anxiety,exp-req-025-37dabc,54f8069d-9336-4d14-96b5-a692e3bf61f8,B_oneliner,95,0,27,"The message is a generic two-word response that fails to address any aspect of the patient's presenting issues, style preferences, prior therapy experience, or their identity as a queer therapist seek"
25,1,anxiety,exp-req-025-37dabc,30a94252-3cd0-42d1-a960-86def311f9e8,C_generic_long,95,0.5,327,"Completely generic message that fails to mention anxiety, depression, the CBT experience, style preferences, or the patient's identity as a queer therapist in supervision."
25,1,anxiety,exp-req-025-37dabc,c5aa86f5-b6f4-4777-b3b9-f0b29baca9b6,D_issue_specific,95,1.5,203,"Mentions anxiety generically and offers a slot, but does not address the patient's CBT experience, their preference for exploratory/structured blend, or the key context that they are a queer therapist"
25,1,anxiety,exp-req-025-37dabc,b4733156-b012-4a9a-81a7-2203f06c6f16,E_full_engagement,95,2.5,447,"Addresses anxiety and prior CBT experience, but completely ignores the patient's queer identity, being a therapist in supervision, and their request for someone who understands the field without being"
26,0,depression,exp-req-026-f67e16,54f8069d-9336-4d14-96b5-a692e3bf61f8,A_empty,95,0,0,No apply message provided.
26,0,depression,exp-req-026-f67e16,30a94252-3cd0-42d1-a960-86def311f9e8,B_oneliner,95,0,27,"Generic two-word response that fails to address any of the patient's presenting concerns, therapy preferences, or prior experience."
26,0,depression,exp-req-026-f67e16,bcf52a27-d5ef-4a28-a35b-20439278c3ac,C_generic_long,95,0.5,327,"Completely generic message that fails to mention depression, life transitions, trauma, therapy style preferences, or acknowledge the patient's prior therapy experience."
26,0,depression,exp-req-026-f67e16,c5aa86f5-b6f4-4777-b3b9-f0b29baca9b6,D_issue_specific,95,2.0,206,"Mentions depression but ignores life transitions and trauma, does not address prior therapy experience or style preferences (exploratory/structured), and offers only generic collaborative language."
26,0,depression,exp-req-026-f67e16,b4733156-b012-4a9a-81a7-2203f06c6f16,E_full_engagement,95,4.0,452,"Addresses depression by name and directly engages the prior-therapy note, but does not mention life transitions, trauma/PTSD, or the structured preference alongside exploratory."
27,1,trauma_ptsd,exp-req-027-5dfbeb,30a94252-3cd0-42d1-a960-86def311f9e8,A_empty,92,0,0,No apply message provided.
27,1,trauma_ptsd,exp-req-027-5dfbeb,d135e888-21b1-414b-90a5-2892b94c4ee8,B_oneliner,92,0,27,"The message is completely generic and fails to acknowledge any of the patient's presenting concerns, style preferences, or personal context about postpartum struggles."
27,1,trauma_ptsd,exp-req-027-5dfbeb,3f84d00c-aea0-4051-9fce-41cc90be5972,C_generic_long,92,0.5,327,"Completely generic message that mentions no specific concerns, ignores the postpartum context entirely, and fails to acknowledge the patient's style preferences or vulnerability in sharing her experie"
27,1,trauma_ptsd,exp-req-027-5dfbeb,915967e3-ac56-4a36-8f02-effab988618f,D_issue_specific,91,2.0,207,"Mentions trauma/PTSD by name but ignores the postpartum context, relationship issues, depression, and the patient's direct/warm style preference entirely."
27,1,trauma_ptsd,exp-req-027-5dfbeb,774a11fb-6558-433b-8df2-6ebf0c120279,E_full_engagement,90,5.0,457,"Directly names trauma/PTSD as her focus, explicitly addresses both style preferences (warm + direct) and first-time therapy experience, and acknowledges the postpartum context by offering to go slow a"
28,0,depression,exp-req-028-491fee,723ac8d5-b667-4442-994d-4f65647c0e92,A_empty,94,0,0,No apply message provided.
28,0,depression,exp-req-028-491fee,54f8069d-9336-4d14-96b5-a692e3bf61f8,B_oneliner,92,0,27,"The message is completely generic and fails to address depression, the patient's warmth preference, or their prior CBT experience in any way."
28,0,depression,exp-req-028-491fee,30a94252-3cd0-42d1-a960-86def311f9e8,C_generic_long,92,0.5,327,"Completely generic message that fails to mention depression, the warm style preference, or acknowledge the patient's prior CBT experience that felt too clinical."
28,0,depression,exp-req-028-491fee,ea7c8499-17c1-432e-855a-f26458dfd4c7,D_issue_specific,92,2.5,206,"Names depression as primary concern and hints at warmth with 'collaborative,' but completely ignores the patient's prior CBT experience and the concern about feeling too clinical."
28,0,depression,exp-req-028-491fee,d135e888-21b1-414b-90a5-2892b94c4ee8,E_full_engagement,92,5.0,450,"Directly names depression, acknowledges the warm style preference, and explicitly quotes and engages the CBT experience from the free-text notes."
29,1,anxiety,exp-req-029-412838,b5ceb107-0e6b-4dcb-9072-95e571301937,A_empty,95,0,0,No apply message provided.
29,1,anxiety,exp-req-029-412838,a0cb7637-81de-46ec-85d0-8234c4dd3c92,B_oneliner,95,0,27,"The message is a generic two-sentence response that does not engage with any of the patient's presenting concerns, therapy preferences, prior experience, or specific request regarding sex addiction tr"
29,1,anxiety,exp-req-029-412838,915967e3-ac56-4a36-8f02-effab988618f,C_generic_long,95,0.5,327,"Completely generic message that fails to acknowledge any of the patient's specific concerns (anxiety, relationship issues, trauma, sex addiction recovery), their prior couples-only therapy experience,"
29,1,anxiety,exp-req-029-412838,30a94252-3cd0-42d1-a960-86def311f9e8,D_issue_specific,95,1.5,203,"Mentions anxiety generically but ignores trauma/PTSD, relationship issues, the sex addiction recovery context, couples-to-solo transition, and the explicit request for non-shame-based treatment."
29,1,anxiety,exp-req-029-412838,c5aa86f5-b6f4-4777-b3b9-f0b29baca9b6,E_full_engagement,95,2.5,442,"Addresses anxiety and style preference (warm) and acknowledges prior couples work, but completely ignores the central free-text concern about porn sobriety, marriage healing, and needing sex-addiction"
30,0,relationship_issues,exp-req-030-addc2f,b4733156-b012-4a9a-81a7-2203f06c6f16,A_empty,93,0,0,No apply message provided.
30,0,relationship_issues,exp-req-030-addc2f,563b2636-8018-444f-b347-8aae7f1442b9,B_oneliner,91,0,27,"Generic two-word message that does not address any of the patient's concerns, therapy history, or preferences."
30,0,relationship_issues,exp-req-030-addc2f,d135e888-21b1-414b-90a5-2892b94c4ee8,C_generic_long,91,1.0,327,"The message is entirely generic and does not mention any of the patient's specific concerns (relationship issues, anxiety, life transitions), their structured style preference, or their experience wit"
30,0,relationship_issues,exp-req-030-addc2f,bf0c89f2-32b2-4ae8-b06d-b18ace4051d5,D_issue_specific,88,2.5,215,"Mentions relationship issues by name and notes collaborative approach, but does not acknowledge their anxiety or life transitions, ignores the structured preference, and completely overlooks their cou"
30,0,relationship_issues,exp-req-030-addc2f,a0cb7637-81de-46ec-85d0-8234c4dd3c92,E_full_engagement,87,4.5,454,"Addresses relationship issues by name, directly quotes and engages the prior-therapy note, describes a warm+direct style that aligns with structured preference, but doesn't explicitly mention anxiety "
31,1,trauma_ptsd,exp-req-031-9509fe,30a94252-3cd0-42d1-a960-86def311f9e8,A_empty,95,0,0,No apply message provided.
31,1,trauma_ptsd,exp-req-031-9509fe,c5aa86f5-b6f4-4777-b3b9-f0b29baca9b6,B_oneliner,93,0,27,"The message is entirely generic with no engagement of the patient's trauma/PTSD, somatic preferences, warmth request, or CBT history."
31,1,trauma_ptsd,exp-req-031-9509fe,915967e3-ac56-4a36-8f02-effab988618f,C_generic_long,92,0.5,327,"Completely generic message that does not mention trauma/PTSD, the somatic/physical presentation of anxiety, CBT history, or warmth preference at all."
31,1,trauma_ptsd,exp-req-031-9509fe,fdfb1214-b096-47e0-a9c7-161f6bc62966,D_issue_specific,92,2.0,207,"Names the primary concern but ignores the patient's somatic preference, CBT history, and physical anxiety manifestations entirely."
31,1,trauma_ptsd,exp-req-031-9509fe,07e66493-e3fc-4ab5-b871-e169e74e4c85,E_full_engagement,91,3.5,356,"Addresses trauma/PTSD by name and engages the warm style preference clearly, but does not acknowledge the patient's important free-text about somatic symptoms, CBT history, or body-first anxiety prese"
32,0,depression,exp-req-032-ce3bbe,b5ceb107-0e6b-4dcb-9072-95e571301937,A_empty,95,0,0,No apply message provided.
32,0,depression,exp-req-032-ce3bbe,a0cb7637-81de-46ec-85d0-8234c4dd3c92,B_oneliner,95,0,27,"The message is generic and does not engage with the patient's depression, style preferences, or prior CBT experience in any way."
32,0,depression,exp-req-032-ce3bbe,915967e3-ac56-4a36-8f02-effab988618f,C_generic_long,95,0.5,327,"This is a completely generic message that fails to mention depression, the patient's CBT experience, or their preference for structured yet exploratory therapy."
32,0,depression,exp-req-032-ce3bbe,54f8069d-9336-4d14-96b5-a692e3bf61f8,D_issue_specific,95,2.0,206,"Mentions depression but does not address the patient's style preferences (structured, exploratory) or acknowledge their prior CBT experience and concern about feeling too clinical."
32,0,depression,exp-req-032-ce3bbe,30a94252-3cd0-42d1-a960-86def311f9e8,E_full_engagement,95,4.5,450,"Addresses depression, directly quotes and engages the CBT feedback, acknowledges style preference but notes a slight mismatch (warm+direct vs. exploratory), and offers practical next steps."
33,1,depression,exp-req-033-d6547e,9feb2fbe-6270-45af-ab07-60fa828314cb,A_empty,91,0,0,No apply message provided.
33,1,depression,exp-req-033-d6547e,30a94252-3cd0-42d1-a960-86def311f9e8,B_oneliner,88,0,27,"Generic two-word message that fails to address any aspect of the patient's concerns, therapy history, style preferences, or adoption/genealogy context."
33,1,depression,exp-req-033-d6547e,ea7c8499-17c1-432e-855a-f26458dfd4c7,C_generic_long,88,0.5,327,"Generic introduction that does not mention depression, trauma, life transitions, adoption, DNA genealogy work, CBT experience, or the patient's preference for structured yet warm therapy."
33,1,depression,exp-req-033-d6547e,d135e888-21b1-414b-90a5-2892b94c4ee8,D_issue_specific,88,1.5,206,"Mentions depression but ignores the adoption/genealogy context, prior CBT experience, life transitions, trauma, and stated preference for structured and warm style."
33,1,depression,exp-req-033-d6547e,774a11fb-6558-433b-8df2-6ebf0c120279,E_full_engagement,88,3.5,450,"Addresses depression and prior CBT experience with warmth/structure preference, but does not engage the adoption/genealogy DNA context from free text."
34,0,relationship_issues,exp-req-034-8e6d6a,b5ceb107-0e6b-4dcb-9072-95e571301937,A_empty,95,0,0,No apply message provided.
34,0,relationship_issues,exp-req-034-8e6d6a,a0cb7637-81de-46ec-85d0-8234c4dd3c92,B_oneliner,95,0,27,"The message is completely generic, fails to mention any of the patient's concerns, prior therapy experience, or style preferences, and shows no engagement with the patient's brief."
34,0,relationship_issues,exp-req-034-8e6d6a,915967e3-ac56-4a36-8f02-effab988618f,C_generic_long,95,0.5,327,"Completely generic message that fails to mention any of the patient's presenting concerns (relationship issues, anxiety, trauma), ignores their style preference for warm and structured therapy, and do"
34,0,relationship_issues,exp-req-034-8e6d6a,54f8069d-9336-4d14-96b5-a692e3bf61f8,D_issue_specific,95,2.5,215,"Mentions relationship issues by name but does not address anxiety/trauma, prior CBT experience, or the request for warm and structured style beyond 'collaborative and pace-aware.'"
34,0,relationship_issues,exp-req-034-8e6d6a,30a94252-3cd0-42d1-a960-86def311f9e8,E_full_engagement,95,5.0,459,"Addresses relationship issues by name, directly responds to the CBT experience feeling too clinical, acknowledges the warm style preference, and offers concrete next steps."
35,1,relationship_issues,exp-req-035-c78e6e,d135e888-21b1-414b-90a5-2892b94c4ee8,A_empty,93,0,0,No apply message provided.
35,1,relationship_issues,exp-req-035-c78e6e,30a94252-3cd0-42d1-a960-86def311f9e8,B_oneliner,91,0,27,"Message is completely generic and fails to acknowledge the patient's perfectionism concern, marriage issues, preference for directness, or request for someone who will push back on intellectualizing."
35,1,relationship_issues,exp-req-035-c78e6e,b4733156-b012-4a9a-81a7-2203f06c6f16,C_generic_long,91,0.5,327,"Completely generic message that could be sent to any patient; fails to mention perfectionism, marriage, depression, relationship issues, direct style preference, or their CBT experience."
35,1,relationship_issues,exp-req-035-c78e6e,bf0c89f2-32b2-4ae8-b06d-b18ace4051d5,D_issue_specific,91,1.5,215,"Mentions relationship issues only generically, ignores the CBT experience, the direct style preference, and completely fails to engage the core free-text concerns about perfectionism, intellectualizin"
35,1,relationship_issues,exp-req-035-c78e6e,774a11fb-6558-433b-8df2-6ebf0c120279,E_full_engagement,91,3.5,560,"Addresses relationship issues and prior CBT experience with empathy, but does not name depression/life transitions, style preference for 'direct,' or engage the perfectionism/intellectualizing dynamic"
36,0,anxiety,exp-req-036-1c37ee,a0cb7637-81de-46ec-85d0-8234c4dd3c92,A_empty,95,0,0,No apply message provided.
36,0,anxiety,exp-req-036-1c37ee,30a94252-3cd0-42d1-a960-86def311f9e8,B_oneliner,95,0,27,"The message is generic and does not engage with the patient's anxiety, life transitions, exploratory style preference, or any specific context."
36,0,anxiety,exp-req-036-1c37ee,accc4ff3-675f-4894-9cd3-1feaeffb268e,C_generic_long,95,1.5,327,"Generic introduction that mentions 'what brings you in' but does not specifically address anxiety, life transitions, or the exploratory style preference."
36,0,anxiety,exp-req-036-1c37ee,c5aa86f5-b6f4-4777-b3b9-f0b29baca9b6,D_issue_specific,95,2.5,203,"Addresses anxiety by name and mentions collaborative approach (somewhat aligned with exploratory preference), but does not acknowledge life transitions or engage meaningfully with the patient's explor"
36,0,anxiety,exp-req-036-1c37ee,b4733156-b012-4a9a-81a7-2203f06c6f16,E_full_engagement,95,3.5,352,"Addresses anxiety by name and directly engages the style preference by naming their warm + direct approach versus exploratory, but does not mention life transitions or engage any free-text context."
37,1,life_transitions,exp-req-037-3af0b2,d135e888-21b1-414b-90a5-2892b94c4ee8,A_empty,93,0,0,No apply message provided.
37,1,life_transitions,exp-req-037-3af0b2,b4733156-b012-4a9a-81a7-2203f06c6f16,B_oneliner,92,0,27,"The message is a generic two-word response that does not acknowledge any aspect of the patient's concerns, preferences, or cultural context."
37,1,life_transitions,exp-req-037-3af0b2,563b2636-8018-444f-b347-8aae7f1442b9,C_generic_long,92,0.5,327,"Completely generic message that doesn't mention any of the patient's presenting concerns, style preferences, prior therapy experience, or critically important cultural humility request."
37,1,life_transitions,exp-req-037-3af0b2,eacde468-0d6e-4866-b60a-702d049c783e,D_issue_specific,92,1.5,212,"Mentions life transitions by name but does not address the patient's prior couples-only therapy experience, style preference for warm/direct, or critical free-text note about race and cultural humilit"
37,1,life_transitions,exp-req-037-3af0b2,774a11fb-6558-433b-8df2-6ebf0c120279,E_full_engagement,91,3.5,552,"Addresses primary concern (life transitions), style preference (warm + direct), and prior therapy experience, but does not engage the free-text cultural humility request at all."
38,0,trauma_ptsd,exp-req-038-f9c170,d135e888-21b1-414b-90a5-2892b94c4ee8,A_empty,88,0,0,No apply message provided.
38,0,trauma_ptsd,exp-req-038-f9c170,fdfb1214-b096-47e0-a9c7-161f6bc62966,B_oneliner,86,0,27,"The message is completely generic and does not address any of the patient's presenting issues, therapy preferences, prior experience, or provide any personalized engagement."
38,0,trauma_ptsd,exp-req-038-f9c170,21fa14ca-ad83-4adf-844b-18df16b95c0a,C_generic_long,86,1.0,327,"Generic introduction that does not specifically address trauma/PTSD, life transitions, relationship issues, exploratory style preference, or prior therapy experience."
38,0,trauma_ptsd,exp-req-038-f9c170,1dc7c2c2-f35c-4226-a8f7-996f3ef5c90b,D_issue_specific,84,2.5,207,"Addresses trauma/PTSD by name and mentions a collaborative approach, but does not engage the patient's exploratory style preference, prior therapy experience that didn't help, or the other presenting "
38,0,trauma_ptsd,exp-req-038-f9c170,774a11fb-6558-433b-8df2-6ebf0c120279,E_full_engagement,84,4.0,466,"Addresses trauma/PTSD by name, directly engages prior therapy experience that didn't help, but acknowledges their exploratory preference only to contrast it with her own warm+direct style rather than "
39,1,relationship_issues,exp-req-039-8be200,774a11fb-6558-433b-8df2-6ebf0c120279,A_empty,94,0,0,No apply message provided.
39,1,relationship_issues,exp-req-039-8be200,edcb82ab-1596-4040-80ec-6d80e2bd01b7,B_oneliner,93,0,27,"The message is completely generic and does not engage with any aspect of the patient's brief, including their primary concern, style preference, therapy history, or the important context about being t"
39,1,relationship_issues,exp-req-039-8be200,915967e3-ac56-4a36-8f02-effab988618f,C_generic_long,92,0.5,327,"This is a completely generic message that fails to mention relationship issues, the patient's style preference, their unique context of being trans with autism, or acknowledge their couples-only thera"
39,1,relationship_issues,exp-req-039-8be200,54f8069d-9336-4d14-96b5-a692e3bf61f8,D_issue_specific,92,1.5,215,"Mentions the primary concern (relationship issues) but does not address the patient's direct/structured style preference, their couples-but-not-solo history, or the critical free-text concern about ne"
39,1,relationship_issues,exp-req-039-8be200,30a94252-3cd0-42d1-a960-86def311f9e8,E_full_engagement,92,3.5,555,"Addresses relationship issues and style preference (direct) and acknowledges the couples-vs-solo experience, but does not engage the critical free-text context about being trans with autism and needin"
40,0,life_transitions,exp-req-040-3d6d5c,bf0c89f2-32b2-4ae8-b06d-b18ace4051d5,A_empty,93,0,0,No apply message provided.
40,0,life_transitions,exp-req-040-3d6d5c,30a94252-3cd0-42d1-a960-86def311f9e8,B_oneliner,92,0,27,"The message is generic and fails to address any of the patient's concerns, therapy history, or style preferences."
40,0,life_transitions,exp-req-040-3d6d5c,accc4ff3-675f-4894-9cd3-1feaeffb268e,C_generic_long,92,0.5,327,"Completely generic message that fails to mention life transitions, anxiety, the CBT experience, or the preference for warmth and structure."
40,0,life_transitions,exp-req-040-3d6d5c,b5ceb107-0e6b-4dcb-9072-95e571301937,D_issue_specific,91,2.5,212,"Names the primary concern (life transitions) and hints at collaborative style, but ignores the anxiety concern, does not address the CBT/clinical concern, and offers no warmth or structure discussion."
40,0,life_transitions,exp-req-040-3d6d5c,fdfb1214-b096-47e0-a9c7-161f6bc62966,E_full_engagement,91,5.0,456,"Addresses both primary concerns (life transitions, anxiety implied in approach), explicitly acknowledges the CBT-clinical concern and contrasts own warm style, and directly quotes and engages the free"
41,1,relationship_issues,exp-req-041-8cd2fb,54f8069d-9336-4d14-96b5-a692e3bf61f8,A_empty,95,0,0,No apply message provided.
41,1,relationship_issues,exp-req-041-8cd2fb,30a94252-3cd0-42d1-a960-86def311f9e8,B_oneliner,95,0,27,"Generic two-word message that fails to address any aspect of the patient's presenting concerns, therapy preferences, prior experience, or meaningful free-text context about ADHD and grief."
41,1,relationship_issues,exp-req-041-8cd2fb,5b8f68d9-6a47-493d-a4a4-6722d27f56dc,C_generic_long,94,0.5,327,"Completely generic message that fails to mention any of the patient's specific concerns (relationship issues, depression, ADHD grief), prior therapy experience, or warmth preference."
41,1,relationship_issues,exp-req-041-8cd2fb,e0efc74f-45d2-4859-8f20-a6db128efe49,D_issue_specific,93,1.5,215,"Mentions the primary concern (relationship issues) but ignores the ADHD grief narrative, prior therapy experience, and warmth preference—reads like a template."
41,1,relationship_issues,exp-req-041-8cd2fb,ea476dc5-0cbe-4b62-8a0f-2210ab495915,E_full_engagement,93,3.5,571,"Addresses relationship issues and prior therapy experience with warmth, but completely misses the patient's central free-text concern about ADHD diagnosis grief and what that means for their identity."
42,0,anxiety,exp-req-042-756d05,b5ceb107-0e6b-4dcb-9072-95e571301937,A_empty,95,0,0,No apply message provided.
42,0,anxiety,exp-req-042-756d05,30a94252-3cd0-42d1-a960-86def311f9e8,B_oneliner,94,0,27,"The message is generic, does not address any of the patient's presenting concerns, prior therapy experience, or style preferences."
42,0,anxiety,exp-req-042-756d05,6b516846-cd70-45b7-b0f5-0be6e6253468,C_generic_long,94,0.5,327,"The message is entirely generic and does not mention anxiety, life transitions, relationship issues, the style preferences, or the prior CBT experience that felt too clinical."
42,0,anxiety,exp-req-042-756d05,fdfb1214-b096-47e0-a9c7-161f6bc62966,D_issue_specific,94,2.0,203,"Mentions anxiety by name but does not address the patient's prior CBT experience, style preferences (structured/exploratory), or the other presenting concerns (life transitions, relationship issues)."
42,0,anxiety,exp-req-042-756d05,bf0c89f2-32b2-4ae8-b06d-b18ace4051d5,E_full_engagement,93,5.0,447,"Directly names anxiety, addresses the 'too clinical' CBT experience with a contrasting warm approach, and acknowledges the exploratory style preference while being transparent about leaning more direc"
43,1,relationship_issues,exp-req-043-40da18,b5ceb107-0e6b-4dcb-9072-95e571301937,A_empty,95,0,0,No apply message provided.
43,1,relationship_issues,exp-req-043-40da18,a0cb7637-81de-46ec-85d0-8234c4dd3c92,B_oneliner,95,0,27,"The message is entirely generic and fails to acknowledge the patient's relationship issues, eating disorder history, need for ED-specialization, warmth preference, or prior CBT experience."
43,1,relationship_issues,exp-req-043-40da18,915967e3-ac56-4a36-8f02-effab988618f,C_generic_long,95,0.5,327,"Completely generic message that fails to mention relationship issues, eating disorder expertise, the patient's CBT experience, warmth preference, or the critical Ozempic/anorexia context they explicit"
43,1,relationship_issues,exp-req-043-40da18,54f8069d-9336-4d14-96b5-a692e3bf61f8,D_issue_specific,95,1.5,215,"Mentions relationship issues but completely ignores the patient's explicit need for ED-aware support, their CBT experience, their Ozempic context, and preference for warmth."
43,1,relationship_issues,exp-req-043-40da18,30a94252-3cd0-42d1-a960-86def311f9e8,E_full_engagement,95,2.5,560,"Addresses relationship issues and prior CBT experience, but completely misses the critical free-text context about anorexia remission, Ozempic, and the explicit need for an ED-aware therapist."
44,0,life_transitions,exp-req-044-b06203,d135e888-21b1-414b-90a5-2892b94c4ee8,A_empty,91,0,0,No apply message provided.
44,0,life_transitions,exp-req-044-b06203,30a94252-3cd0-42d1-a960-86def311f9e8,B_oneliner,89,0.5,27,"The message is extremely generic and does not address the patient's life transitions, anxiety, preference for directness, or any other aspect of their brief."
44,0,life_transitions,exp-req-044-b06203,b4733156-b012-4a9a-81a7-2203f06c6f16,C_generic_long,89,1.0,327,"Generic introduction that does not specifically address life transitions, anxiety, or the patient's preference for direct communication style."
44,0,life_transitions,exp-req-044-b06203,563b2636-8018-444f-b347-8aae7f1442b9,D_issue_specific,89,3.0,212,"Addresses life transitions by name and mentions a collaborative approach, but does not acknowledge anxiety, the direct style preference, or prior therapy uncertainty."
44,0,life_transitions,exp-req-044-b06203,accc4ff3-675f-4894-9cd3-1feaeffb268e,E_full_engagement,87,4.0,361,"Directly addresses both presenting issues (life transitions, anxiety) and explicitly matches the direct style preference, but doesn't engage the prior therapy experience or any free-text context."
45,1,trauma_ptsd,exp-req-045-77dc89,d135e888-21b1-414b-90a5-2892b94c4ee8,A_empty,70,0,0,No apply message provided.
45,1,trauma_ptsd,exp-req-045-77dc89,9feb2fbe-6270-45af-ab07-60fa828314cb,B_oneliner,70,0,27,"The message is completely generic and fails to address any aspect of the patient's presenting concerns, therapy history, style preference, or specific request for help with perfectionism and intellect"
45,1,trauma_ptsd,exp-req-045-77dc89,30a94252-3cd0-42d1-a960-86def311f9e8,C_generic_long,68,0.5,327,"Completely generic message that fails to mention trauma/PTSD, life transitions, the perfectionism concern, prior CBT experience, or the patient's explicit request for pushback against intellectualizin"
45,1,trauma_ptsd,exp-req-045-77dc89,c5aa86f5-b6f4-4777-b3b9-f0b29baca9b6,D_issue_specific,68,1.5,207,"Mentions trauma/PTSD by name but ignores the structured preference, CBT history, and the core free-text concerns about perfectionism, marriage, and intellectualizing."
45,1,trauma_ptsd,exp-req-045-77dc89,ea7c8499-17c1-432e-855a-f26458dfd4c7,E_full_engagement,68,2.5,552,"Names trauma/PTSD and acknowledges prior CBT experience, but does not address life transitions, structured preference, or engage the core free-text concern about perfectionism, intellectualizing, and "
46,0,trauma_ptsd,exp-req-046-74858b,723ac8d5-b667-4442-994d-4f65647c0e92,A_empty,90,0,0,No apply message provided.
46,0,trauma_ptsd,exp-req-046-74858b,d135e888-21b1-414b-90a5-2892b94c4ee8,B_oneliner,88,0,27,"The message is generic and does not acknowledge the patient's trauma/PTSD concern, style preferences, or prior therapy experience in any way."
46,0,trauma_ptsd,exp-req-046-74858b,0390dbb1-87fb-4dcb-a529-53e47527063a,C_generic_long,87,0.5,327,"Completely generic template that fails to mention trauma/PTSD, the patient's style preferences, or their brief negative experience in college."
46,0,trauma_ptsd,exp-req-046-74858b,07e66493-e3fc-4ab5-b871-e169e74e4c85,D_issue_specific,86,2.5,207,"Mentions trauma/PTSD as primary concern and offers collaborative approach, but does not address patient's style preferences (warm, structured), prior therapy experience, or the college counseling cont"
46,0,trauma_ptsd,exp-req-046-74858b,3f84d00c-aea0-4051-9fce-41cc90be5972,E_full_engagement,86,5.0,554,"Addresses trauma/PTSD by name, explicitly names the warm+structured style preferences, and directly engages the college therapy experience that didn't click."
47,1,anxiety,exp-req-047-23184f,723ac8d5-b667-4442-994d-4f65647c0e92,A_empty,93,0,0,No apply message provided.
47,1,anxiety,exp-req-047-23184f,30a94252-3cd0-42d1-a960-86def311f9e8,B_oneliner,91,0,27,"The message is a generic two-word response that fails to acknowledge the patient's military background, PTSD concerns, direct style preference, or desire to be seen as a person rather than a chart."
47,1,anxiety,exp-req-047-23184f,ea7c8499-17c1-432e-855a-f26458dfd4c7,C_generic_long,91,0.5,327,"Completely generic template that ignores the patient's military background, PTSD concerns, directness preference, and explicit request not to be treated 'as a chart.'"
47,1,anxiety,exp-req-047-23184f,d135e888-21b1-414b-90a5-2892b94c4ee8,D_issue_specific,91,1.5,203,"Mentions anxiety generically but ignores the trauma/PTSD, military background, direct-style preference, and the patient's explicit request not to be treated as a chart."
47,1,anxiety,exp-req-047-23184f,774a11fb-6558-433b-8df2-6ebf0c120279,E_full_engagement,91,2.5,543,"Addresses anxiety and style preference (direct) and acknowledges prior therapy note, but completely ignores the military/deployment context and the explicit request not to be treated 'as a chart.'"
48,0,relationship_issues,exp-req-048-67cc3f,d135e888-21b1-414b-90a5-2892b94c4ee8,A_empty,89,0,0,No apply message provided.
48,0,relationship_issues,exp-req-048-67cc3f,a0cb7637-81de-46ec-85d0-8234c4dd3c92,B_oneliner,87,0,27,"The message is entirely generic and does not engage with any aspect of the patient's presenting issues, style preference, or prior therapy experience."
48,0,relationship_issues,exp-req-048-67cc3f,b4733156-b012-4a9a-81a7-2203f06c6f16,C_generic_long,87,1.0,327,"Generic introduction that does not address any of the patient's specific presenting issues (relationship issues, depression, life transitions) or their exploratory style preference."
48,0,relationship_issues,exp-req-048-67cc3f,bf0c89f2-32b2-4ae8-b06d-b18ace4051d5,D_issue_specific,87,2.5,215,"Mentions relationship issues by name and describes collaborative style, but does not acknowledge depression, life transitions, exploratory preference, or prior therapy experience."
48,0,relationship_issues,exp-req-048-67cc3f,e0efc74f-45d2-4859-8f20-a6db128efe49,E_full_engagement,85,3.5,364,"Directly names relationship issues and acknowledges style preference (noting a difference from exploratory), but doesn't engage depression, life transitions, or the fact that prior therapy helped."
49,1,relationship_issues,exp-req-049-c287ae,54f8069d-9336-4d14-96b5-a692e3bf61f8,A_empty,95,0,0,No apply message provided.
49,1,relationship_issues,exp-req-049-c287ae,d135e888-21b1-414b-90a5-2892b94c4ee8,B_oneliner,95,0,27,"The message is entirely generic and does not engage with the patient's layoff, identity loss, relationship issues, warmth preference, or prior therapy experience in any way."
49,1,relationship_issues,exp-req-049-c287ae,edcb82ab-1596-4040-80ec-6d80e2bd01b7,C_generic_long,95,0.5,327,"Entirely generic message that fails to acknowledge the career/identity crisis, relationship issues, warmth preference, or prior therapy experience—could be sent to any patient."
49,1,relationship_issues,exp-req-049-c287ae,e0efc74f-45d2-4859-8f20-a6db128efe49,D_issue_specific,95,0.5,215,"The message names the presenting issue but completely ignores the patient's actual primary concern (job loss and identity crisis described in free text), doesn't address prior therapy that didn't help"
49,1,relationship_issues,exp-req-049-c287ae,a0cb7637-81de-46ec-85d0-8234c4dd3c92,E_full_engagement,94,2.5,474,"Addresses the primary concern (relationship issues) and style preference (warm), acknowledges prior therapy experience, but completely ignores the core free-text context about layoff and identity cris"
